{
  "prefix": "!",
  "notificationChannelId": null,
  "verificationChannelId": "1350455377803612180",
  "youtubeChannelId": null,
  "youtubeChannelName": null,
  "roleId": "1350455234828308561",
  "roleName": "SUPPORTERS💖",
  "verifiedImages": {},
  "premium": false,
  "welcomeEnabled": false,
  "welcomeChannelId": null,
  "logChannelId": null,
  "announcerEnabled": false,
  "announcerChannelId": null,
  "gameEnabled": false,
  "giveawaysEnabled": false,
  "pollsEnabled": false,
  "gameChannelId": null,
  "embedTemplates": {},
  "antiNuke": false,
  "antiNukeThreshold": 3,
  "verificationRequired": false,
  "autoModeration": false,
  "punishmentType": "ban",
  "whitelistedRoles": [],
  "imageVerification": true,
  "verificationChannelName": "✅・🇻🇪🇷🇮🇫🇾",
  "verificationType": "button",
  "verificationSettings": {
    "title": "WELCOME TO OUR SERVER",
    "description": "Please verify yourself to access the server.",
    "color": "#ff0000"
  },
  "unverifiedRoleId": "1352141109135937627",
  "unverifiedRoleName": "Unverified"
}